{"stats":{"minecraft:killed_by":{"minecraft:creeper":1},"minecraft:used":{"minecraft:netherite_sword":6,"createdeco:locked_cast_iron_door":1,"cgm:machine_pistol":6,"createdeco:locked_brass_door":1,"cgm:shotgun":7,"cgm:pistol":163,"framedblocks:framed_door":1,"create:train_door":1,"minecraft:stone_button":1,"cgm:grenade":2,"minecraft:zombie_spawn_egg":11,"minecraft:iron_door":1,"minecraft:rotten_flesh":2,"createdeco:locked_zinc_door":1,"framedblocks:framed_iron_door":2,"minecraft:anvil":1,"cgm:workbench":1,"minecraft:crafting_table":1,"createdeco:zinc_door":1,"minecraft:white_bed":1,"createdeco:locked_andesite_door":1,"cgm:rifle":21,"cgm:heavy_rifle":56,"bellsandwhistles:andesite_door_step":5,"minecraft:experience_bottle":13},"minecraft:picked_up":{"minecraft:gunpowder":2,"minecraft:spider_eye":1,"cgm:pistol":1,"minecraft:bone":1,"minecraft:arrow":2,"minecraft:rotten_flesh":8,"minecraft:mutton":1,"minecraft:iron_sword":1,"minecraft:white_wool":1},"minecraft:dropped":{"cgm:pistol":1,"minecraft:gunpowder":1,"minecraft:mutton":1,"minecraft:rotten_flesh":2,"minecraft:arrow":2,"minecraft:white_wool":1,"minecraft:bone":1},"minecraft:custom":{"minecraft:time_since_rest":61035,"minecraft:sprint_one_cm":106285,"minecraft:damage_taken":570,"minecraft:walk_one_cm":95619,"minecraft:interact_with_anvil":11,"minecraft:mob_kills":42,"minecraft:drop":8,"minecraft:damage_dealt":889,"minecraft:swim_one_cm":3776,"minecraft:interact_with_crafting_table":1,"minecraft:fly_one_cm":266454,"minecraft:crouch_one_cm":1656,"minecraft:play_time":71392,"minecraft:deaths":1,"minecraft:sneak_time":832,"minecraft:walk_under_water_one_cm":4259,"minecraft:jump":676,"minecraft:leave_game":12,"minecraft:walk_on_water_one_cm":3137,"minecraft:time_since_death":61007,"minecraft:sleep_in_bed":1,"minecraft:climb_one_cm":321,"minecraft:total_world_time":71392,"minecraft:fall_one_cm":6150},"minecraft:killed":{"minecraft:sheep":8,"minecraft:skeleton":6,"minecraft:zombie":20,"minecraft:witch":1,"minecraft:spider":3,"minecraft:creeper":4}},"DataVersion":3120}