{"stats":{"minecraft:killed":{"minecraft:skeleton":1,"minecraft:spider":1,"minecraft:zombie":1,"minecraft:pig":2},"minecraft:dropped":{"minecraft:rotten_flesh":2,"minecraft:porkchop":2},"minecraft:custom":{"minecraft:time_since_rest":25400,"minecraft:crouch_one_cm":26,"minecraft:sprint_one_cm":22903,"minecraft:play_time":25400,"minecraft:damage_taken":10,"minecraft:walk_one_cm":22047,"minecraft:sneak_time":82,"minecraft:interact_with_anvil":7,"minecraft:mob_kills":5,"minecraft:drop":4,"minecraft:jump":159,"minecraft:leave_game":9,"minecraft:time_since_death":25400,"minecraft:climb_one_cm":4388,"minecraft:total_world_time":25400,"minecraft:fall_one_cm":723,"minecraft:fly_one_cm":42905},"minecraft:used":{"minecraft:anvil":1,"minecraft:command_block":1,"cgm:shotgun":9,"cgm:pistol":68,"minecraft:redstone_block":4},"minecraft:picked_up":{"minecraft:rotten_flesh":2,"minecraft:porkchop":2}},"DataVersion":3120}