{"stats":{"minecraft:used":{"createdeco:locked_cast_iron_door":1,"createdeco:locked_brass_door":1,"cgm:shotgun":7,"cgm:pistol":15,"framedblocks:framed_door":1,"create:train_door":1,"minecraft:stone_button":1,"minecraft:zombie_spawn_egg":4,"minecraft:iron_door":1,"minecraft:rotten_flesh":2,"framedblocks:framed_iron_door":2,"minecraft:anvil":1,"createdeco:locked_zinc_door":1,"createdeco:zinc_door":1,"minecraft:white_bed":1,"createdeco:locked_andesite_door":1,"cgm:rifle":17,"bellsandwhistles:andesite_door_step":5},"minecraft:killed":{"minecraft:sheep":4,"minecraft:zombie":8},"minecraft:dropped":{"minecraft:mutton":1,"minecraft:rotten_flesh":2,"minecraft:white_wool":1},"minecraft:picked_up":{"minecraft:rotten_flesh":6,"minecraft:mutton":1,"minecraft:white_wool":1},"minecraft:custom":{"minecraft:time_since_rest":19711,"minecraft:sprint_one_cm":48740,"minecraft:damage_taken":570,"minecraft:walk_one_cm":43836,"minecraft:mob_kills":12,"minecraft:drop":4,"minecraft:damage_dealt":209,"minecraft:swim_one_cm":1490,"minecraft:fly_one_cm":113270,"minecraft:crouch_one_cm":907,"minecraft:play_time":30068,"minecraft:deaths":1,"minecraft:sneak_time":492,"minecraft:walk_under_water_one_cm":4171,"minecraft:jump":315,"minecraft:leave_game":2,"minecraft:time_since_death":19683,"minecraft:walk_on_water_one_cm":1244,"minecraft:sleep_in_bed":1,"minecraft:total_world_time":30068,"minecraft:climb_one_cm":321,"minecraft:fall_one_cm":6150},"minecraft:killed_by":{"minecraft:creeper":1}},"DataVersion":3120}