{"stats":{"minecraft:custom":{"minecraft:jump":17,"minecraft:time_since_rest":1855,"minecraft:damage_dealt":15,"minecraft:walk_on_water_one_cm":1244,"minecraft:sprint_one_cm":4135,"minecraft:play_time":1855,"minecraft:damage_taken":100,"minecraft:time_since_death":1855,"minecraft:walk_one_cm":4890,"minecraft:sneak_time":24,"minecraft:total_world_time":1855,"minecraft:walk_under_water_one_cm":4171,"minecraft:swim_one_cm":1490,"minecraft:fall_one_cm":418,"minecraft:fly_one_cm":5771}},"DataVersion":3120}