{"stats":{"minecraft:custom":{"minecraft:jump":83,"minecraft:time_since_rest":15036,"minecraft:walk_on_water_one_cm":2238,"minecraft:crouch_one_cm":453,"minecraft:leave_game":3,"minecraft:play_time":15036,"minecraft:sprint_one_cm":10235,"minecraft:damage_taken":60,"minecraft:time_since_death":15036,"minecraft:walk_one_cm":3679,"minecraft:sneak_time":298,"minecraft:total_world_time":15036,"minecraft:walk_under_water_one_cm":8515,"minecraft:swim_one_cm":8175,"minecraft:fall_one_cm":855,"minecraft:fly_one_cm":81242}},"DataVersion":3120}