{"stats":{"minecraft:used":{"minecraft:rotten_flesh":2,"minecraft:white_bed":1},"minecraft:picked_up":{"minecraft:rotten_flesh":2},"minecraft:custom":{"minecraft:jump":277,"minecraft:time_since_rest":3498,"minecraft:deaths":1,"minecraft:damage_dealt":200,"minecraft:crouch_one_cm":183,"minecraft:walk_on_water_one_cm":1244,"minecraft:sprint_one_cm":39050,"minecraft:play_time":13855,"minecraft:damage_taken":570,"minecraft:time_since_death":3470,"minecraft:walk_one_cm":14516,"minecraft:sleep_in_bed":1,"minecraft:sneak_time":136,"minecraft:climb_one_cm":321,"minecraft:total_world_time":13855,"minecraft:walk_under_water_one_cm":4171,"minecraft:swim_one_cm":1490,"minecraft:fall_one_cm":6150,"minecraft:fly_one_cm":103526},"minecraft:killed_by":{"minecraft:creeper":1}},"DataVersion":3120}