{"stats":{"minecraft:killed":{"minecraft:skeleton":8,"minecraft:zombie":6,"minecraft:pig":2,"minecraft:spider":1,"minecraft:drowned":1,"minecraft:cod":1,"minecraft:tropical_fish":4,"minecraft:creeper":3,"minecraft:squid":1,"minecraft:pufferfish":1},"minecraft:dropped":{"minecraft:porkchop":2,"minecraft:rotten_flesh":2},"minecraft:custom":{"minecraft:time_since_rest":37400,"minecraft:sprint_one_cm":38125,"minecraft:damage_taken":10,"minecraft:walk_one_cm":33738,"minecraft:mob_kills":28,"minecraft:interact_with_anvil":12,"minecraft:drop":4,"minecraft:damage_dealt":400,"minecraft:fly_one_cm":141270,"minecraft:crouch_one_cm":383,"minecraft:play_time":37400,"minecraft:sneak_time":526,"minecraft:walk_under_water_one_cm":9249,"minecraft:jump":277,"minecraft:leave_game":9,"minecraft:time_since_death":37400,"minecraft:walk_on_water_one_cm":994,"minecraft:total_world_time":37400,"minecraft:climb_one_cm":4598,"minecraft:fall_one_cm":723},"minecraft:used":{"minecraft:command_block":1,"cgm:shotgun":9,"cgm:pistol":213,"minecraft:iron_sword":2,"minecraft:zombie_spawn_egg":1,"minecraft:redstone_block":4,"cgm:assault_rifle":46,"minecraft:dirt":30,"minecraft:anvil":1,"minecraft:skeleton_spawn_egg":2,"cgm:bazooka":16,"cgm:heavy_rifle":32},"minecraft:picked_up":{"minecraft:clay_ball":28,"minecraft:porkchop":2,"minecraft:gunpowder":1,"minecraft:dirt":115,"minecraft:arrow":3,"minecraft:bone":5,"minecraft:rotten_flesh":7,"minecraft:wheat_seeds":3,"minecraft:cobblestone":1}},"DataVersion":3120}