{"stats":{"minecraft:picked_up":{"cgm:pistol":1,"minecraft:rotten_flesh":6,"minecraft:mutton":1,"minecraft:white_wool":1},"minecraft:custom":{"minecraft:time_since_rest":38271,"minecraft:sprint_one_cm":54588,"minecraft:damage_taken":570,"minecraft:walk_one_cm":59592,"minecraft:interact_with_anvil":10,"minecraft:mob_kills":19,"minecraft:drop":5,"minecraft:damage_dealt":209,"minecraft:swim_one_cm":1490,"minecraft:interact_with_crafting_table":1,"minecraft:fly_one_cm":142799,"minecraft:crouch_one_cm":1240,"minecraft:play_time":48628,"minecraft:deaths":1,"minecraft:sneak_time":620,"minecraft:walk_under_water_one_cm":4171,"minecraft:jump":370,"minecraft:leave_game":5,"minecraft:time_since_death":38243,"minecraft:walk_on_water_one_cm":1244,"minecraft:sleep_in_bed":1,"minecraft:total_world_time":48628,"minecraft:climb_one_cm":321,"minecraft:fall_one_cm":6150},"minecraft:dropped":{"cgm:pistol":1,"minecraft:mutton":1,"minecraft:rotten_flesh":2,"minecraft:white_wool":1},"minecraft:killed":{"minecraft:sheep":5,"minecraft:skeleton":1,"minecraft:zombie":13},"minecraft:used":{"createdeco:locked_cast_iron_door":1,"cgm:machine_pistol":6,"createdeco:locked_brass_door":1,"cgm:shotgun":7,"cgm:pistol":51,"framedblocks:framed_door":1,"create:train_door":1,"minecraft:stone_button":1,"cgm:grenade":2,"minecraft:zombie_spawn_egg":8,"minecraft:iron_door":1,"minecraft:rotten_flesh":2,"cgm:workbench":1,"framedblocks:framed_iron_door":2,"minecraft:anvil":1,"createdeco:locked_zinc_door":1,"minecraft:crafting_table":1,"createdeco:zinc_door":1,"minecraft:white_bed":1,"createdeco:locked_andesite_door":1,"cgm:rifle":21,"cgm:heavy_rifle":10,"bellsandwhistles:andesite_door_step":5,"minecraft:experience_bottle":13},"minecraft:killed_by":{"minecraft:creeper":1}},"DataVersion":3120}